Workbook

Sheet Положительный
A1: city | B1: id_trading_point | C1: count_test | D1: count_control | E1: count_all | F1: avg_test | G1: avg_control | H1: diff | I1: sigma_test | J1: sigma_control | K1: abs_ttest_s | L1: abs_ttest_p | M1: nflag_diff | N1: percent_count | O1: Прибыль
A2: Санкт-Петербург | B2: 453 | C2: 1066 | D2: 1049 | E2: 2115 | F2: 2501.9662 | G2: 1889.9237 | H2: 612.04249 | I2: 2993.4425 | J2: 2648.6593 | K2: 627565.5 | L2: 1.8091939e-07 | M2: Positive | N2: 0.046137737 | O2: =N2*H2*Итог!$B$2 -> 28238.256
A3: Санкт-Петербург | B3: 112 | C3: 652 | D3: 683 | E3: 1335 | F3: 2488.115 | G3: 2218.6369 | H3: 269.47813 | I3: 2778.1792 | J3: 2780.7907 | K3: 236077 | L3: 0.045325599 | M3: Positive | N3: 0.029122401 | O3: =N3*H3*Итог!$B$2 -> 7847.8504
A4: Санкт-Петербург | B4: 801 | C4: 225 | D4: 212 | E4: 437 | F4: 2925.1422 | G4: 2352.283 | H4: 572.8592 | I4: 2774.2921 | J4: 2928.2858 | K4: 27281.5 | L4: 0.0070848474 | M4: Positive | N4: 0.0095329509 | O4: =N4*H4*Итог!$B$2 -> 5461.0386
A5: Санкт-Петербург | B5: 573 | C5: 177 | D5: 160 | E5: 337 | F5: 2929.0452 | G5: 1641.2125 | H5: 1287.8327 | I5: 3201.0981 | J5: 2619.0448 | K5: 17837.5 | L5: 1.118284e-05 | M5: Positive | N5: 0.0073514976 | O5: =N5*H5*Итог!$B$2 -> 9467.4989
A6: Санкт-Петербург | B6: 900 | C6: 335 | D6: 341 | E6: 676 | F6: 2450.991 | G6: 1689.7918 | H6: 761.19926 | I6: 2865.6074 | J6: 2492.4726 | K6: 66271.5 | L6: 0.00010105715 | M6: Positive | N6: 0.014746624 | O6: =N6*H6*Итог!$B$2 -> 11225.119
A7: Санкт-Петербург | B7: 117 | C7: 625 | D7: 587 | E7: 1212 | F7: 2582.2976 | G7: 2050.6917 | H7: 531.60595 | I7: 2835.0045 | J7: 2595.7378 | K7: 204047 | L7: 0.00037312136 | M7: Positive | N7: 0.026439214 | O7: =N7*H7*Итог!$B$2 -> 14055.243
A8: Санкт-Петербург | B8: 213 | C8: 232 | D8: 255 | E8: 487 | F8: 2977.6293 | G8: 2277.6118 | H8: 700.01755 | I8: 2905.4944 | J8: 2710.0434 | K8: 34134.5 | L8: 0.0024676086 | M8: Positive | N8: 0.010623677 | O8: =N8*H8*Итог!$B$2 -> 7436.7606
A9: Санкт-Петербург | B9: 891 | C9: 159 | D9: 167 | E9: 326 | F9: 2618.9497 | G9: 1980.6587 | H9: 638.291 | I9: 2899.7825 | J9: 2489.5719 | K9: 15026 | L9: 0.031316296 | M9: Positive | N9: 0.0071115377 | O9: =N9*H9*Итог!$B$2 -> 4539.2305
A10: Москва | B10: 2652 | C10: 2273 | D10: 2370 | E10: 4643 | F10: 2508.8896 | G10: 1972.8477 | H10: 536.04189 | I10: 2846.6365 | J10: 2565.8782 | K10: 3010947.5 | L10: 2.5003541e-13 | M10: Positive | N10: 0.10128488 | O10: =N10*H10*Итог!$B$2 -> 54292.937
A11: Москва | B11: 1287 | C11: 370 | D11: 357 | E11: 727 | F11: 2143.4892 | G11: 1394.6555 | H11: 748.83373 | I11: 2441.2219 | J11: 2338.4618 | K11: 79421.5 | L11: 2.6139283e-07 | M11: Positive | N11: 0.015859165 | O11: =N11*H11*Итог!$B$2 -> 11875.878
A12: Москва | B12: 1654 | C12: 799 | D12: 775 | E12: 1574 | F12: 3176.433 | G12: 2507.8865 | H12: 668.54659 | I12: 3208.0518 | J12: 2950.5129 | K12: 353743 | L12: 4.6118029e-07 | M12: Positive | N12: 0.034336075 | O12: =N12*H12*Итог!$B$2 -> 22955.266
A13: Москва | B13: 1002 | C13: 138 | D13: 188 | E13: 326 | F13: 4144.8551 | G13: 1844.7872 | H13: 2300.0678 | I13: 4069.7698 | J13: 2436.5361 | K13: 17848 | L13: 1.1712437e-09 | M13: Positive | N13: 0.0071115377 | O13: =N13*H13*Итог!$B$2 -> 16357.019
... A19: Самара | B19: 36 | C19: 131 | D19: 141 | E19: 272 | F19: 1987.3282 | G19: 860.41844 | H19: 1126.9098 | I19: 2718.5027 | J19: 1840.8266 | K19: 11444 | L19: 5.6207147e-05 | M19: Positive | N19: 0.0059335529 | O19: =N19*H19*Итог!$B$2 -> 6686.579

Sheet Отрицательный
A1: city | B1: id_trading_point | C1: count_test | D1: count_control | E1: count_all | F1: avg_test | G1: avg_control | H1: diff | I1: sigma_test | J1: sigma_control | K1: abs_ttest_s | L1: abs_ttest_p | M1: nflag_diff | N1: percent_count | O1: Убытки
A2: Москва | B2: 9931 | C2: 153 | D2: 137 | E2: 290 | F2: 1415.7843 | G2: 1968.6934 | H2: -552.90912 | I2: 2038.1642 | J2: 2403.3979 | K2: 9045 | L2: 0.026157259 | M2: Negative | N2: 0.0063262145 | O2: =H2*N2*Итог!$B$2 -> -3497.8217
A3: Волгоград | B3: 66 | C3: 657 | D3: 703 | E3: 1360 | F3: 2288.8706 | G3: 2601.761 | H3: -312.8904 | I3: 2682.5676 | J3: 2830.1938 | K3: 216128 | L3: 0.033239402 | M3: Negative | N3: 0.029667765 | O3: =H3*N3*Итог!$B$2 -> -9282.7588
A4: Краснодар | B4: 1101 | C4: 785 | D4: 869 | E4: 1654 | F4: 2176.0038 | G4: 2523.5788 | H4: -347.575 | I4: 2722.6245 | J4: 2960.3523 | K4: 319375 | L4: 0.01816506 | M4: Negative | N4: 0.036081237 | O4: =H4*N4*Итог!$B$2 -> -12540.936

Sheet Нейтральный
A1: city | B1: id_trading_point | C1: count_test | D1: count_control | E1: count_all | F1: avg_test | G1: avg_control | H1: diff | I1: sigma_test | J1: sigma_control | K1: abs_ttest_s | L1: abs_ttest_p | M1: nflag_diff | N1: percent_count | O1: Необходимое количество наблюдений
A2: Красноярск | B2: 212 | C2: 593 | D2: 575 | E2: 1168 | F2: 2144.317 | G2: 2222.0522 | H2: -77.735142 | I2: 2708.5887 | J2: 2785.1163 | K2: 169439 | L2: 0.84688541 | M2: No diff | N2: 0.025479374 | O2: =16 * (MIN(I2, J2)^2) / (Итог!$B$3^2) -> 117.38325
A3: Красноярск | B3: 278 | C3: 535 | D3: 489 | E3: 1024 | F3: 2499.3458 | G3: 2185.2147 | H3: 314.13107 | I3: 2915.9953 | J3: 2574.9156 | K3: 136856.5 | L3: 0.17822037 | M3: No diff | N3: 0.022338082 | O3: =16 * (MIN(I3, J3)^2) / (Итог!$B$3^2) -> 106.08305
A4: Красноярск | B4: 202 | C4: 551 | D4: 565 | E4: 1116 | F4: 2927.3412 | G4: 2730.3788 | H4: 196.96244 | I4: 2956.6862 | J4: 2737.8858 | K4: 159950 | L4: 0.41423301 | M4: No diff | N4: 0.024345019 | O4: =16 * (MIN(I4, J4)^2) / (Итог!$B$3^2) -> 119.9363
A5: Красноярск | B5: 444 | C5: 650 | D5: 562 | E5: 1212 | F5: 2404.1062 | G5: 2545.7349 | H5: -141.62872 | I5: 2810.8285 | J5: 2797.1388 | K5: 176313 | L5: 0.27663524 | M5: No diff | N5: 0.026439214 | O5: =16 * (MIN(I5, J5)^2) / (Итог!$B$3^2) -> 125.18376
A6: Красноярск | B6: 277 | C6: 708 | D6: 709 | E6: 1417 | F6: 2285.75 | G6: 2431.3653 | H6: -145.6153 | I6: 2712.6779 | J6: 2868.5876 | K6: 246121.5 | L6: 0.50599422 | M6: No diff | N6: 0.030911193 | O6: =16 * (MIN(I6, J6)^2) / (Итог!$B$3^2) -> 117.73794
A7: Нижний Новгород | B7: 13 | C7: 142 | D7: 150 | E7: 292 | F7: 1970.5493 | G7: 2336.1867 | H7: -365.63737 | I7: 2575.9448 | J7: 2709.8955 | K7: 9725 | L7: 0.16861459 | M7: No diff | N7: 0.0063698436 | O7: =16 * (MIN(I7, J7)^2) / (Итог!$B$3^2) -> 106.16786
A8: Мурманск | B8: 54 | C8: 633 | D8: 640 | E8: 1273 | F8: 1702.7141 | G8: 1688.5125 | H8: 14.20156 | I8: 2565.1324 | J8: 2628.0125 | K8: 204686 | L8: 0.71170697 | M8: No diff | N8: 0.0277699 | O8: =16 * (MIN(I8, J8)^2) / (Итог!$B$3^2) -> 105.27847
A9: Мурманск | B9: 55 | C9: 422 | D9: 425 | E9: 847 | F9: 2109.1066 | G9: 2111.2729 | H9: -2.1663061 | I9: 2790.9934 | J9: 2804.2232 | K9: 90987.5 | L9: 0.69231314 | M9: No diff | N9: 0.018476909 | O9: =16 * (MIN(I9, J9)^2) / (Итог!$B$3^2) -> 124.63431
A10: Казань | B10: 991 | C10: 270 | D10: 294 | E10: 564 | F10: 3249.2815 | G10: 2452.9864 | H10: 796.29509 | I10: 4719.5926 | J10: 3633.9359 | K10: 43029 | L10: 0.064671669 | M10: No diff | N10: 0.012303397 | O10: =16 * (MIN(I10, J10)^2) / (Итог!$B$3^2) -> 211.28784
A11: Казань | B11: 699 | C11: 482 | D11: 494 | E11: 976 | F11: 2422.2863 | G11: 2574.3522 | H11: -152.06592 | I11: 3906.8179 | J11: 4082.8514 | K11: 114960.5 | L11: 0.3096216 | M11: No diff | N11: 0.021290984 | O11: =16 * (MIN(I11, J11)^2) / (Итог!$B$3^2) -> 244.21162
A12: Казань | B12: 477 | C12: 382 | D12: 386 | E12: 768 | F12: 2259.623 | G12: 2496.987 | H12: -237.36401 | I12: 3482.8461 | J12: 3881.9947 | K12: 72517 | L12: 0.66408933 | M12: No diff | N12: 0.016753561 | O12: =16 * (MIN(I12, J12)^2) / (Итог!$B$3^2) -> 194.08347
A13: Казань | B13: 544 | C13: 377 | D13: 416 | E13: 793 | F13: 2621.4271 | G13: 2635.5481 | H13: -14.121021 | I13: 3714.8948 | J13: 4639.8207 | K13: 81862 | L13: 0.24336357 | M13: No diff | N13: 0.017298925 | O13: =16 * (MIN(I13, J13)^2) / (Итог!$B$3^2) -> 220.80709
... A33: Дмитров | B33: 2 | C33: 78 | D33: 71 | E33: 149 | F33: 579.33333 | G33: 483.4507 | H33: 95.882629 | I33: 1860.7624 | J33: 1654.9232 | K33: 2816 | L33: 0.74225518 | M33: No diff | N33: 0.0032503654 | O33: =16 * (MIN(I33, J33)^2) / (Итог!$B$3^2) -> 43.820332

Sheet Итог
A1: Вводные данные
A2: Количество клиентов N | B2: 1000
A3: MDE | B3: 1000
A4: Расчетные данные
A5: Положительный исход | B5: =SUM(Положительный!O:O) -> 262631.65
A6: Отрицательный исход | B6: =SUM(Отрицательный!O:O) -> -25321.517
A7: баланс | B7: =B5+B6 -> 237310.14
A8: количество наблюдений | B8: =SUM(Нейтральный!O:O) -> 3977.9522
